{
  "PRECISION_SCORE": 0.796812749003984,
  "RECALL_SCORE": 1,
  "F1_SCORE": 0.8869179600886917,
  "ACCURACY_SCORE": 0.796812749003984
}