{
  "k_means": {
      "PRECISION_SCORE": 0.796812749003984,
      "RECALL_SCORE": 1,
      "F1_SCORE": 0.8869179600886917,
      "ACCURACY_SCORE": 0.796812749003984,
      "NUM_OF_OUTLIERS": 251
  },
  "dbscan": {
      "PRECISION_SCORE": 0.7071713147410359,
      "RECALL_SCORE": 1,
      "F1_SCORE": 0.8284714119019837,
      "ACCURACY_SCORE": 0.7071713147410359,
      "NUM_OF_OUTLIERS": 1004
  }
}
