{
  "k_means": {
      "PRECISION_SCORE": 0.796812749003984,
      "RECALL_SCORE": 1,
      "F1_SCORE": 0.8869179600886917,
      "NUM_OF_OUTLIERS": 251
  },
  "dbscan": {
      "PRECISION_SCORE": 0.7071713147410359,
      "RECALL_SCORE": 1,
      "F1_SCORE": 0.8284714119019837,
      "NUM_OF_OUTLIERS": 1004
  },
  "hbos": {
      "PRECISION_SCORE": 0.518,
      "RECALL_SCORE": 1,
      "F1_SCORE": 0.6824769433465085,
      "NUM_OF_OUTLIERS": 1004
  },
  "isolation-forest": {
      "PRECISION_SCORE": 0.6067460317460317,
      "RECALL_SCORE": 1,
      "F1_SCORE": 0.7552482094344282,
      "NUM_OF_OUTLIERS": 2520
  },
  "one-class-SVM": {
      "PRECISION_SCORE": 0.7331670822942643,
      "RECALL_SCORE": 1,
      "F1_SCORE": 0.8460431654676259,
      "NUM_OF_OUTLIERS": 2406
  }
}